{
  "trades": 720,
  "wins": 89,
  "losses": 631,
  "win_rate": 12.36111111111111,
  "total_pnl": 0.6722416194625771,
  "position_multiplier": 2.8507718749999995,
  "top_signals": [
    [
      "fear_greed",
      0.15093793103984474
    ],
    [
      "proprietary",
      0.15027845923088723
    ],
    [
      "whale",
      0.12020933988004882
    ]
  ],
  "ml_adaptation": 0.05306761344365915,
  "weight_changes": {
    "rsi": {
      "initial": 0.12,
      "current": 0.11870834463147781,
      "abs_change": -0.0012916553685221877,
      "pct_change": -1.0763794737684897
    },
    "macd": {
      "initial": 0.1,
      "current": 0.1005223394359202,
      "abs_change": 0.0005223394359201994,
      "pct_change": 0.5223394359201994
    },
    "bollinger": {
      "initial": 0.08,
      "current": 0.07951358451622592,
      "abs_change": -0.0004864154837740803,
      "pct_change": -0.6080193547176004
    },
    "volume": {
      "initial": 0.08,
      "current": 0.0793900282473316,
      "abs_change": -0.0006099717526684006,
      "pct_change": -0.7624646908355008
    },
    "fear_greed": {
      "initial": 0.15,
      "current": 0.15093793103984474,
      "abs_change": 0.0009379310398447416,
      "pct_change": 0.6252873598964944
    },
    "social": {
      "initial": 0.1,
      "current": 0.10013423791891113,
      "abs_change": 0.00013423791891112313,
      "pct_change": 0.13423791891112313
    },
    "whale": {
      "initial": 0.12,
      "current": 0.12020933988004882,
      "abs_change": 0.0002093398800488283,
      "pct_change": 0.17444990004069028
    },
    "flows": {
      "initial": 0.1,
      "current": 0.10030573509935253,
      "abs_change": 0.00030573509935252763,
      "pct_change": 0.30573509935252763
    },
    "proprietary": {
      "initial": 0.15,
      "current": 0.15027845923088723,
      "abs_change": 0.0002784592308872347,
      "pct_change": 0.18563948725815646
    }
  },
  "market_regime": {
    "regime": "sideways",
    "confidence": 0.684922651262503,
    "optimized_categories": {
      "technical": 1.3,
      "sentiment": 0.7,
      "onchain": 0.9,
      "unique": 1.2
    }
  },
  "regime_performance": {
    "unknown": {
      "trades": 1,
      "wins": 0,
      "losses": 1,
      "pnl": -0.043355100382763,
      "win_rate": 0.0
    },
    "sideways": {
      "trades": 719,
      "wins": 89,
      "losses": 630,
      "pnl": 0.7155967198453403,
      "win_rate": 12.378303198887343
    }
  }
}