{
  "timestamp": [
    "2025-09-19T17:49:39.554072"
  ],
  "capital": [
    1000.0
  ],
  "win_rate": [
    0
  ],
  "best_signal": [
    "RSI",
    0.0666666666666667
  ],
  "worst_signal": [
    "RSI",
    0.0666666666666667
  ]
}
