{
  "RSI": 0.0666666666666667,
  "MACD": 0.0666666666666667,
  "Bollinger": 0.0666666666666667,
  "Volume": 0.0666666666666667,
  "Sentiment": 0.0666666666666667,
  "Port_Congestion": 0.0666666666666667,
  "Diesel": 0.0666666666666667,
  "Supply_Chain": 0.0666666666666667,
  "Container": 0.0666666666666667,
  "Inflation": 0.0666666666666667,
  "Regulatory": 0.0666666666666667,
  "Remittance": 0.0666666666666667,
  "CBDC": 0.0666666666666667,
  "FATF": 0.0666666666666667,
  "Chainalysis_Global": 0.0666666666666667
}