{
  "equity_start": 10000,
  "equity_end": 10081.671976931488,
  "roi_pct": 0.8167197693148776,
  "trade_count": 7,
  "win_count": 6,
  "max_drawdown_pct": 0.07432533112523082,
  "final_signal_weights": {
    "rsi": 0.11810931856275175,
    "macd": 0.10286934514703729,
    "bollinger": 0.07653665462010537,
    "volume": 0.07662334654211052,
    "fear_greed": 0.15025304993571148,
    "social": 0.10113974377053458,
    "whale": 0.1230969959449285,
    "flows": 0.09871699218134962,
    "proprietary": 0.15265455329547103
  },
  "win_rate": 85.71428571428571
}